[
    {"CD":"DIR001","NAME":"Directive-01","DESC":"***Description text***",
        "DEPT":[
            {"CD":"DEPT001","NAME":"Department-01","DESC":"***Description text***","SKILLSET":[],
                "TEAM":[
                    {"CD":"TEAM001","NAME":"Team-01","DESC":"***Description text***"}
                ]
            },
            {"CD":"DEPT002","NAME":"Department-02","DESC":"***Description text***","SKILLSET":[]},
            {"CD":"DEPT003","NAME":"Department-03","DESC":"***Description text***","SKILLSET":[]}
        ]
    },
    {"CD":"DIR002","NAME":"Directive-02","DESC":"***Description text***",
        "DEPT":[
            {"CD":"DEPT004","NAME":"Department-04","DESC":"***Description text***","SKILLSET":[]},
            {"CD":"DEPT005","NAME":"Department-05","DESC":"***Description text***","SKILLSET":[]}
        ]
    },
    {"CD":"DIR003","NAME":"Directive-03","DESC":"***Description text***",
        "DEPT":[
            {"CD":"DEPT006","NAME":"Department-06","DESC":"***Description text***","SKILLSET":[]}
        ]
    },
    {"CD":"DIR004","NAME":"Directive-04","DESC":"***Description text***",
        "DEPT":[
            {"CD":"DEPT007","NAME":"Department-07","DESC":"***Description text***","SKILLSET":[]},
            {"CD":"DEPT008","NAME":"Department-08","DESC":"***Description text***","SKILLSET":[]}
        ]
    }
]