{
  "Directorates": [
    {
      "id": 1,
      "CD": "DIR001",
      "NAME": "Banking",
      "DESC": "***Description text***",
      "DEPT": "OPN"
    },
    {
      "id": 2,
      "CD": "DIR002",
      "NAME": "Insurance",
      "DESC": "***Description text***",
      "DEPT": "INS"
    },
    {
      "id": 3,
      "CD": "DIR003",
      "NAME": "Payments",
      "DESC": "***Description text***",
      "DEPT": "ODB"
    },
    {
      "CD": "DIR004",
      "NAME": "New Directory",
      "DESC": "***Description text***",
      "DEPT": "New Department",
      "id": 4
    },
    {
      "CD": "DIR005",
      "NAME": "New Directory 2",
      "DESC": "***Description text***",
      "DEPT": "New Department 2",
      "id": 5
    },
    {
      "CD": "DIR005",
      "NAME": "New Directory 3",
      "DESC": "***Description text***",
      "DEPT": "New Department 3",
      "id": 6
    },
    {
      "CD": "DIR005",
      "NAME": "New Directory 4",
      "DESC": "***Description text***",
      "DEPT": "New Department 4",
      "id": 7
    }
  ]
}